,Model Name,Mean Square Error,Mean Absolute Error,R2 Score
3,BayesianRidge,161.0772178490482,161.0772178490482,-0.006140056156887175
