,Model Name,Mean Square Error,Mean Absolute Error,R2 Score
4,ElasticNet,149.149756494984,149.149756494984,0.16215354807543292
